{"cameraMode":{"drawMode":0,"name":"Shaded","section":"Shading Mode"},"sceneLighting":true,"audioPlay":false,"sceneViewState":{"showFog":true,"showMaterialUpdate":false,"showSkybox":true,"showFlares":true,"showImageEffects":true,"showParticleSystems":true},"in2DMode":false,"pivot":{"x":-16.602916717529298,"y":-9.129497528076172,"z":-11.719855308532715},"rotation":{"x":0.24514755606651307,"y":-0.6372339129447937,"z":0.22469724714756013,"w":0.6952337622642517},"size":71.01534271240235,"orthographic":false}