{"cameraMode":{"drawMode":0,"name":"Shaded","section":"Shading Mode"},"sceneLighting":false,"audioPlay":false,"sceneViewState":{"showFog":true,"showMaterialUpdate":false,"showSkybox":false,"showFlares":true,"showImageEffects":true,"showParticleSystems":true},"in2DMode":false,"pivot":{"x":0.02731078863143921,"y":0.04842217266559601,"z":-0.0017805397510528565},"rotation":{"x":0.0055075460113584999,"y":0.9877644181251526,"z":-0.15170983970165254,"w":0.035866811871528628},"size":0.8059788942337036,"orthographic":false}